old,new,oldupper
V1,responseid,V1
v2,responseset,V2
v3,name,V3
v4,externaldataref,V4
v5,email,V5
v7,status,V7
v8,startdate,V8
v9,enddate,V9
v10,finished,V10
sc0_0,score_sum,SC0_0
sc0_1,score_avg,SC0_1
sc0_2,score_stdev,SC0_2
sc1_0,uhoh_sum,SC1_0
sc1_1,uhoh_avg,SC1_1
sc1_2,uhoh_stdev,SC1_2
qid1211_1_text,meta_browser,QID1211_1_TEXT
qid1211_2_text,meta_version,QID1211_2_TEXT
qid1211_3_text,meta_os,QID1211_3_TEXT
qid1211_4_text,meta_resolu,QID1211_4_TEXT
qid1211_5_text,meta_flash,QID1211_5_TEXT
qid1211_6_text,meta_java,QID1211_6_TEXT
qid1211_7_text,meta_ua,QID1211_7_TEXT
qid1198,gender,QID1198
qid1199,age,QID1199
qid1257,natcountry,QID1257
qid1258,natlang,QID1258
qid1260,internet,QID1260
qid1261,musiclisten,QID1261
qid1262,musicskill,QID1262
qid1263,musictrad,QID1263
qid1212,check_sky,QID1212
qid1213,check_headphones,QID1213
qid1214,check_quiet,QID1214
qid1216,check_careful,QID1216
qid1220,hc1_ios,QID1220
qid1221,hc1_iso,QID1221
qid1222,hc1_ois,QID1222
qid1223,hc1_osi,QID1223
qid1224,hc1_sio,QID1224
qid1225,hc1_soi,QID1225
qid1226,hc2_ios,QID1226
qid1227,hc2_iso,QID1227
qid1228,hc2_ois,QID1228
qid1229,hc2_osi,QID1229
qid1230,hc2_sio,QID1230
qid1231,hc2_soi,QID1231
qid1232,hc3_ios,QID1232
qid1233,hc3_iso,QID1233
qid1234,hc3_ois,QID1234
qid1235,hc3_osi,QID1235
qid1236,hc3_sio,QID1236
qid1237,hc3_soi,QID1237
qid1238,hc4_ios,QID1238
qid1239,hc4_iso,QID1239
qid1240,hc4_ois,QID1240
qid1241,hc4_osi,QID1241
qid1242,hc4_sio,QID1242
qid1243,hc4_soi,QID1243
qid1244,hc5_ios,QID1244
qid1245,hc5_iso,QID1245
qid1246,hc5_ois,QID1246
qid1247,hc5_osi,QID1247
qid1248,hc5_sio,QID1248
qid1249,hc5_soi,QID1249
qid1250,hc6_ios,QID1250
qid1251,hc6_iso,QID1251
qid1252,hc6_ois,QID1252
qid1253,hc6_osi,QID1253
qid1254,hc6_sio,QID1254
qid1255,hc6_soi,QID1255
qid108,play1,QID108
qid23,uhoh1,QID23
qid24_1,danc1,QID24_1
qid67_1,heal1,QID67_1
qid68_1,baby1,QID68_1
qid69_1,love1,QID69_1
qid1267_1,achi1,QID1267_1
qid1268_1,visi1,QID1268_1
qid1269,like1,QID1269
qid137,play2,QID137
qid138,uhoh2,QID138
qid139_1,danc2,QID139_1
qid140_1,heal2,QID140_1
qid141_1,baby2,QID141_1
qid142_1,love2,QID142_1
qid1317_1,achi2,QID1317_1
qid1318_1,visi2,QID1318_1
qid1319,like2,QID1319
qid146,play3,QID146
qid147,uhoh3,QID147
qid148_1,danc3,QID148_1
qid149_1,heal3,QID149_1
qid150_1,baby3,QID150_1
qid151_1,love3,QID151_1
qid1320_1,achi3,QID1320_1
qid1321_1,visi3,QID1321_1
qid1322,like3,QID1322
qid155,play4,QID155
qid156,uhoh4,QID156
qid157_1,danc4,QID157_1
qid158_1,heal4,QID158_1
qid159_1,baby4,QID159_1
qid160_1,love4,QID160_1
qid1323_1,achi4,QID1323_1
qid1324_1,visi4,QID1324_1
qid1325,like4,QID1325
qid164,play5,QID164
qid165,uhoh5,QID165
qid166_1,danc5,QID166_1
qid167_1,heal5,QID167_1
qid168_1,baby5,QID168_1
qid169_1,love5,QID169_1
qid1326_1,achi5,QID1326_1
qid1327_1,visi5,QID1327_1
qid1328,like5,QID1328
qid173,play6,QID173
qid174,uhoh6,QID174
qid175_1,danc6,QID175_1
qid176_1,heal6,QID176_1
qid177_1,baby6,QID177_1
qid178_1,love6,QID178_1
qid1329_1,achi6,QID1329_1
qid1330_1,visi6,QID1330_1
qid1331,like6,QID1331
qid182,play7,QID182
qid183,uhoh7,QID183
qid184_1,danc7,QID184_1
qid185_1,heal7,QID185_1
qid186_1,baby7,QID186_1
qid187_1,love7,QID187_1
qid1332_1,achi7,QID1332_1
qid1333_1,visi7,QID1333_1
qid1334,like7,QID1334
qid191,play8,QID191
qid192,uhoh8,QID192
qid193_1,danc8,QID193_1
qid194_1,heal8,QID194_1
qid195_1,baby8,QID195_1
qid196_1,love8,QID196_1
qid1335_1,achi8,QID1335_1
qid1336_1,visi8,QID1336_1
qid1337,like8,QID1337
qid200,play9,QID200
qid201,uhoh9,QID201
qid202_1,danc9,QID202_1
qid203_1,heal9,QID203_1
qid204_1,baby9,QID204_1
qid205_1,love9,QID205_1
qid1338_1,achi9,QID1338_1
qid1339_1,visi9,QID1339_1
qid1340,like9,QID1340
qid209,play10,QID209
qid210,uhoh10,QID210
qid211_1,danc10,QID211_1
qid212_1,heal10,QID212_1
qid213_1,baby10,QID213_1
qid214_1,love10,QID214_1
qid1341_1,achi10,QID1341_1
qid1342_1,visi10,QID1342_1
qid1343,like10,QID1343
qid218,play11,QID218
qid219,uhoh11,QID219
qid220_1,danc11,QID220_1
qid221_1,heal11,QID221_1
qid222_1,baby11,QID222_1
qid223_1,love11,QID223_1
qid1344_1,achi11,QID1344_1
qid1345_1,visi11,QID1345_1
qid1346,like11,QID1346
qid227,play12,QID227
qid228,uhoh12,QID228
qid229_1,danc12,QID229_1
qid230_1,heal12,QID230_1
qid231_1,baby12,QID231_1
qid232_1,love12,QID232_1
qid1347_1,achi12,QID1347_1
qid1348_1,visi12,QID1348_1
qid1349,like12,QID1349
qid236,play13,QID236
qid237,uhoh13,QID237
qid238_1,danc13,QID238_1
qid239_1,heal13,QID239_1
qid240_1,baby13,QID240_1
qid241_1,love13,QID241_1
qid1350_1,achi13,QID1350_1
qid1351_1,visi13,QID1351_1
qid1352,like13,QID1352
qid245,play14,QID245
qid246,uhoh14,QID246
qid247_1,danc14,QID247_1
qid248_1,heal14,QID248_1
qid249_1,baby14,QID249_1
qid250_1,love14,QID250_1
qid1353_1,achi14,QID1353_1
qid1354_1,visi14,QID1354_1
qid1355,like14,QID1355
qid254,play15,QID254
qid255,uhoh15,QID255
qid256_1,danc15,QID256_1
qid257_1,heal15,QID257_1
qid258_1,baby15,QID258_1
qid259_1,love15,QID259_1
qid1356_1,achi15,QID1356_1
qid1357_1,visi15,QID1357_1
qid1358,like15,QID1358
qid263,play16,QID263
qid264,uhoh16,QID264
qid265_1,danc16,QID265_1
qid266_1,heal16,QID266_1
qid267_1,baby16,QID267_1
qid268_1,love16,QID268_1
qid1359_1,achi16,QID1359_1
qid1360_1,visi16,QID1360_1
qid1361,like16,QID1361
qid272,play17,QID272
qid273,uhoh17,QID273
qid274_1,danc17,QID274_1
qid275_1,heal17,QID275_1
qid276_1,baby17,QID276_1
qid277_1,love17,QID277_1
qid1362_1,achi17,QID1362_1
qid1363_1,visi17,QID1363_1
qid1364,like17,QID1364
qid281,play18,QID281
qid282,uhoh18,QID282
qid283_1,danc18,QID283_1
qid284_1,heal18,QID284_1
qid285_1,baby18,QID285_1
qid286_1,love18,QID286_1
qid1365_1,achi18,QID1365_1
qid1366_1,visi18,QID1366_1
qid1367,like18,QID1367
qid290,play19,QID290
qid291,uhoh19,QID291
qid292_1,danc19,QID292_1
qid293_1,heal19,QID293_1
qid294_1,baby19,QID294_1
qid295_1,love19,QID295_1
qid1368_1,achi19,QID1368_1
qid1369_1,visi19,QID1369_1
qid1370,like19,QID1370
qid299,play20,QID299
qid300,uhoh20,QID300
qid301_1,danc20,QID301_1
qid302_1,heal20,QID302_1
qid303_1,baby20,QID303_1
qid304_1,love20,QID304_1
qid1371_1,achi20,QID1371_1
qid1372_1,visi20,QID1372_1
qid1373,like20,QID1373
qid308,play21,QID308
qid309,uhoh21,QID309
qid310_1,danc21,QID310_1
qid311_1,heal21,QID311_1
qid312_1,baby21,QID312_1
qid313_1,love21,QID313_1
qid1374_1,achi21,QID1374_1
qid1375_1,visi21,QID1375_1
qid1376,like21,QID1376
qid317,play22,QID317
qid318,uhoh22,QID318
qid319_1,danc22,QID319_1
qid320_1,heal22,QID320_1
qid321_1,baby22,QID321_1
qid322_1,love22,QID322_1
qid1377_1,achi22,QID1377_1
qid1378_1,visi22,QID1378_1
qid1379,like22,QID1379
qid326,play23,QID326
qid327,uhoh23,QID327
qid328_1,danc23,QID328_1
qid329_1,heal23,QID329_1
qid330_1,baby23,QID330_1
qid331_1,love23,QID331_1
qid1380_1,achi23,QID1380_1
qid1381_1,visi23,QID1381_1
qid1382,like23,QID1382
qid335,play24,QID335
qid336,uhoh24,QID336
qid337_1,danc24,QID337_1
qid338_1,heal24,QID338_1
qid339_1,baby24,QID339_1
qid340_1,love24,QID340_1
qid1383_1,achi24,QID1383_1
qid1384_1,visi24,QID1384_1
qid1385,like24,QID1385
qid344,play25,QID344
qid345,uhoh25,QID345
qid346_1,danc25,QID346_1
qid347_1,heal25,QID347_1
qid348_1,baby25,QID348_1
qid349_1,love25,QID349_1
qid1386_1,achi25,QID1386_1
qid1387_1,visi25,QID1387_1
qid1388,like25,QID1388
qid353,play26,QID353
qid354,uhoh26,QID354
qid355_1,danc26,QID355_1
qid356_1,heal26,QID356_1
qid357_1,baby26,QID357_1
qid358_1,love26,QID358_1
qid1389_1,achi26,QID1389_1
qid1390_1,visi26,QID1390_1
qid1391,like26,QID1391
qid362,play27,QID362
qid363,uhoh27,QID363
qid364_1,danc27,QID364_1
qid365_1,heal27,QID365_1
qid366_1,baby27,QID366_1
qid367_1,love27,QID367_1
qid1392_1,achi27,QID1392_1
qid1393_1,visi27,QID1393_1
qid1394,like27,QID1394
qid371,play28,QID371
qid372,uhoh28,QID372
qid373_1,danc28,QID373_1
qid374_1,heal28,QID374_1
qid375_1,baby28,QID375_1
qid376_1,love28,QID376_1
qid1395_1,achi28,QID1395_1
qid1396_1,visi28,QID1396_1
qid1397,like28,QID1397
qid380,play29,QID380
qid381,uhoh29,QID381
qid382_1,danc29,QID382_1
qid383_1,heal29,QID383_1
qid384_1,baby29,QID384_1
qid385_1,love29,QID385_1
qid1398_1,achi29,QID1398_1
qid1399_1,visi29,QID1399_1
qid1400,like29,QID1400
qid389,play30,QID389
qid390,uhoh30,QID390
qid391_1,danc30,QID391_1
qid392_1,heal30,QID392_1
qid393_1,baby30,QID393_1
qid394_1,love30,QID394_1
qid1401_1,achi30,QID1401_1
qid1402_1,visi30,QID1402_1
qid1403,like30,QID1403
qid398,play31,QID398
qid399,uhoh31,QID399
qid400_1,danc31,QID400_1
qid401_1,heal31,QID401_1
qid402_1,baby31,QID402_1
qid403_1,love31,QID403_1
qid1404_1,achi31,QID1404_1
qid1405_1,visi31,QID1405_1
qid1406,like31,QID1406
qid407,play32,QID407
qid408,uhoh32,QID408
qid409_1,danc32,QID409_1
qid410_1,heal32,QID410_1
qid411_1,baby32,QID411_1
qid412_1,love32,QID412_1
qid1407_1,achi32,QID1407_1
qid1408_1,visi32,QID1408_1
qid1409,like32,QID1409
qid416,play33,QID416
qid417,uhoh33,QID417
qid418_1,danc33,QID418_1
qid419_1,heal33,QID419_1
qid420_1,baby33,QID420_1
qid421_1,love33,QID421_1
qid1410_1,achi33,QID1410_1
qid1411_1,visi33,QID1411_1
qid1412,like33,QID1412
qid425,play34,QID425
qid426,uhoh34,QID426
qid427_1,danc34,QID427_1
qid428_1,heal34,QID428_1
qid429_1,baby34,QID429_1
qid430_1,love34,QID430_1
qid1413_1,achi34,QID1413_1
qid1414_1,visi34,QID1414_1
qid1415,like34,QID1415
qid434,play35,QID434
qid435,uhoh35,QID435
qid436_1,danc35,QID436_1
qid437_1,heal35,QID437_1
qid438_1,baby35,QID438_1
qid439_1,love35,QID439_1
qid1416_1,achi35,QID1416_1
qid1417_1,visi35,QID1417_1
qid1418,like35,QID1418
qid443,play36,QID443
qid444,uhoh36,QID444
qid445_1,danc36,QID445_1
qid446_1,heal36,QID446_1
qid447_1,baby36,QID447_1
qid448_1,love36,QID448_1
qid1419_1,achi36,QID1419_1
qid1420_1,visi36,QID1420_1
qid1421,like36,QID1421
qid452,play37,QID452
qid453,uhoh37,QID453
qid454_1,danc37,QID454_1
qid455_1,heal37,QID455_1
qid456_1,baby37,QID456_1
qid457_1,love37,QID457_1
qid1422_1,achi37,QID1422_1
qid1423_1,visi37,QID1423_1
qid1424,like37,QID1424
qid461,play38,QID461
qid462,uhoh38,QID462
qid463_1,danc38,QID463_1
qid464_1,heal38,QID464_1
qid465_1,baby38,QID465_1
qid466_1,love38,QID466_1
qid1425_1,achi38,QID1425_1
qid1426_1,visi38,QID1426_1
qid1427,like38,QID1427
qid470,play39,QID470
qid471,uhoh39,QID471
qid472_1,danc39,QID472_1
qid473_1,heal39,QID473_1
qid474_1,baby39,QID474_1
qid475_1,love39,QID475_1
qid1428_1,achi39,QID1428_1
qid1429_1,visi39,QID1429_1
qid1430,like39,QID1430
qid479,play40,QID479
qid480,uhoh40,QID480
qid481_1,danc40,QID481_1
qid482_1,heal40,QID482_1
qid483_1,baby40,QID483_1
qid484_1,love40,QID484_1
qid1431_1,achi40,QID1431_1
qid1432_1,visi40,QID1432_1
qid1433,like40,QID1433
qid488,play41,QID488
qid489,uhoh41,QID489
qid490_1,danc41,QID490_1
qid491_1,heal41,QID491_1
qid492_1,baby41,QID492_1
qid493_1,love41,QID493_1
qid1434_1,achi41,QID1434_1
qid1435_1,visi41,QID1435_1
qid1436,like41,QID1436
qid497,play42,QID497
qid498,uhoh42,QID498
qid499_1,danc42,QID499_1
qid500_1,heal42,QID500_1
qid501_1,baby42,QID501_1
qid502_1,love42,QID502_1
qid1437_1,achi42,QID1437_1
qid1438_1,visi42,QID1438_1
qid1439,like42,QID1439
qid506,play43,QID506
qid507,uhoh43,QID507
qid508_1,danc43,QID508_1
qid509_1,heal43,QID509_1
qid510_1,baby43,QID510_1
qid511_1,love43,QID511_1
qid1440_1,achi43,QID1440_1
qid1441_1,visi43,QID1441_1
qid1442,like43,QID1442
qid515,play44,QID515
qid516,uhoh44,QID516
qid517_1,danc44,QID517_1
qid518_1,heal44,QID518_1
qid519_1,baby44,QID519_1
qid520_1,love44,QID520_1
qid1443_1,achi44,QID1443_1
qid1444_1,visi44,QID1444_1
qid1445,like44,QID1445
qid524,play45,QID524
qid525,uhoh45,QID525
qid526_1,danc45,QID526_1
qid527_1,heal45,QID527_1
qid528_1,baby45,QID528_1
qid529_1,love45,QID529_1
qid1446_1,achi45,QID1446_1
qid1447_1,visi45,QID1447_1
qid1448,like45,QID1448
qid533,play46,QID533
qid534,uhoh46,QID534
qid535_1,danc46,QID535_1
qid536_1,heal46,QID536_1
qid537_1,baby46,QID537_1
qid538_1,love46,QID538_1
qid1449_1,achi46,QID1449_1
qid1450_1,visi46,QID1450_1
qid1451,like46,QID1451
qid542,play47,QID542
qid543,uhoh47,QID543
qid544_1,danc47,QID544_1
qid545_1,heal47,QID545_1
qid546_1,baby47,QID546_1
qid547_1,love47,QID547_1
qid1452_1,achi47,QID1452_1
qid1453_1,visi47,QID1453_1
qid1454,like47,QID1454
qid551,play48,QID551
qid552,uhoh48,QID552
qid553_1,danc48,QID553_1
qid554_1,heal48,QID554_1
qid555_1,baby48,QID555_1
qid556_1,love48,QID556_1
qid1455_1,achi48,QID1455_1
qid1456_1,visi48,QID1456_1
qid1457,like48,QID1457
qid560,play49,QID560
qid561,uhoh49,QID561
qid562_1,danc49,QID562_1
qid563_1,heal49,QID563_1
qid564_1,baby49,QID564_1
qid565_1,love49,QID565_1
qid1458_1,achi49,QID1458_1
qid1459_1,visi49,QID1459_1
qid1460,like49,QID1460
qid569,play50,QID569
qid570,uhoh50,QID570
qid571_1,danc50,QID571_1
qid572_1,heal50,QID572_1
qid573_1,baby50,QID573_1
qid574_1,love50,QID574_1
qid1461_1,achi50,QID1461_1
qid1462_1,visi50,QID1462_1
qid1463,like50,QID1463
qid578,play51,QID578
qid579,uhoh51,QID579
qid580_1,danc51,QID580_1
qid581_1,heal51,QID581_1
qid582_1,baby51,QID582_1
qid583_1,love51,QID583_1
qid1464_1,achi51,QID1464_1
qid1465_1,visi51,QID1465_1
qid1466,like51,QID1466
qid587,play52,QID587
qid588,uhoh52,QID588
qid589_1,danc52,QID589_1
qid590_1,heal52,QID590_1
qid591_1,baby52,QID591_1
qid592_1,love52,QID592_1
qid1467_1,achi52,QID1467_1
qid1468_1,visi52,QID1468_1
qid1469,like52,QID1469
qid596,play53,QID596
qid597,uhoh53,QID597
qid598_1,danc53,QID598_1
qid599_1,heal53,QID599_1
qid600_1,baby53,QID600_1
qid601_1,love53,QID601_1
qid1470_1,achi53,QID1470_1
qid1471_1,visi53,QID1471_1
qid1472,like53,QID1472
qid605,play54,QID605
qid606,uhoh54,QID606
qid607_1,danc54,QID607_1
qid608_1,heal54,QID608_1
qid609_1,baby54,QID609_1
qid610_1,love54,QID610_1
qid1473_1,achi54,QID1473_1
qid1474_1,visi54,QID1474_1
qid1475,like54,QID1475
qid614,play55,QID614
qid615,uhoh55,QID615
qid616_1,danc55,QID616_1
qid617_1,heal55,QID617_1
qid618_1,baby55,QID618_1
qid619_1,love55,QID619_1
qid1476_1,achi55,QID1476_1
qid1477_1,visi55,QID1477_1
qid1478,like55,QID1478
qid623,play56,QID623
qid624,uhoh56,QID624
qid625_1,danc56,QID625_1
qid626_1,heal56,QID626_1
qid627_1,baby56,QID627_1
qid628_1,love56,QID628_1
qid1479_1,achi56,QID1479_1
qid1480_1,visi56,QID1480_1
qid1481,like56,QID1481
qid632,play57,QID632
qid633,uhoh57,QID633
qid634_1,danc57,QID634_1
qid635_1,heal57,QID635_1
qid636_1,baby57,QID636_1
qid637_1,love57,QID637_1
qid1482_1,achi57,QID1482_1
qid1483_1,visi57,QID1483_1
qid1484,like57,QID1484
qid650,play58,QID650
qid651,uhoh58,QID651
qid652_1,danc58,QID652_1
qid653_1,heal58,QID653_1
qid654_1,baby58,QID654_1
qid655_1,love58,QID655_1
qid1485_1,achi58,QID1485_1
qid1486_1,visi58,QID1486_1
qid1487,like58,QID1487
qid641,play59,QID641
qid642,uhoh59,QID642
qid643_1,danc59,QID643_1
qid644_1,heal59,QID644_1
qid645_1,baby59,QID645_1
qid646_1,love59,QID646_1
qid1488_1,achi59,QID1488_1
qid1489_1,visi59,QID1489_1
qid1490,like59,QID1490
qid659,play60,QID659
qid660,uhoh60,QID660
qid661_1,danc60,QID661_1
qid662_1,heal60,QID662_1
qid663_1,baby60,QID663_1
qid664_1,love60,QID664_1
qid1491_1,achi60,QID1491_1
qid1492_1,visi60,QID1492_1
qid1493,like60,QID1493
qid668,play61,QID668
qid669,uhoh61,QID669
qid670_1,danc61,QID670_1
qid671_1,heal61,QID671_1
qid672_1,baby61,QID672_1
qid673_1,love61,QID673_1
qid1494_1,achi61,QID1494_1
qid1495_1,visi61,QID1495_1
qid1496,like61,QID1496
qid677,play62,QID677
qid678,uhoh62,QID678
qid679_1,danc62,QID679_1
qid680_1,heal62,QID680_1
qid681_1,baby62,QID681_1
qid682_1,love62,QID682_1
qid1497_1,achi62,QID1497_1
qid1498_1,visi62,QID1498_1
qid1499,like62,QID1499
qid686,play63,QID686
qid687,uhoh63,QID687
qid688_1,danc63,QID688_1
qid689_1,heal63,QID689_1
qid690_1,baby63,QID690_1
qid691_1,love63,QID691_1
qid1500_1,achi63,QID1500_1
qid1501_1,visi63,QID1501_1
qid1502,like63,QID1502
qid695,play64,QID695
qid696,uhoh64,QID696
qid697_1,danc64,QID697_1
qid698_1,heal64,QID698_1
qid699_1,baby64,QID699_1
qid700_1,love64,QID700_1
qid1503_1,achi64,QID1503_1
qid1504_1,visi64,QID1504_1
qid1505,like64,QID1505
qid704,play65,QID704
qid705,uhoh65,QID705
qid706_1,danc65,QID706_1
qid707_1,heal65,QID707_1
qid708_1,baby65,QID708_1
qid709_1,love65,QID709_1
qid1506_1,achi65,QID1506_1
qid1507_1,visi65,QID1507_1
qid1508,like65,QID1508
qid713,play66,QID713
qid714,uhoh66,QID714
qid715_1,danc66,QID715_1
qid716_1,heal66,QID716_1
qid717_1,baby66,QID717_1
qid718_1,love66,QID718_1
qid1509_1,achi66,QID1509_1
qid1510_1,visi66,QID1510_1
qid1511,like66,QID1511
qid722,play67,QID722
qid723,uhoh67,QID723
qid724_1,danc67,QID724_1
qid725_1,heal67,QID725_1
qid726_1,baby67,QID726_1
qid727_1,love67,QID727_1
qid1512_1,achi67,QID1512_1
qid1513_1,visi67,QID1513_1
qid1514,like67,QID1514
qid731,play68,QID731
qid732,uhoh68,QID732
qid733_1,danc68,QID733_1
qid734_1,heal68,QID734_1
qid735_1,baby68,QID735_1
qid736_1,love68,QID736_1
qid1515_1,achi68,QID1515_1
qid1516_1,visi68,QID1516_1
qid1517,like68,QID1517
qid740,play69,QID740
qid741,uhoh69,QID741
qid742_1,danc69,QID742_1
qid743_1,heal69,QID743_1
qid744_1,baby69,QID744_1
qid745_1,love69,QID745_1
qid1518_1,achi69,QID1518_1
qid1519_1,visi69,QID1519_1
qid1520,like69,QID1520
qid749,play70,QID749
qid750,uhoh70,QID750
qid751_1,danc70,QID751_1
qid752_1,heal70,QID752_1
qid753_1,baby70,QID753_1
qid754_1,love70,QID754_1
qid1521_1,achi70,QID1521_1
qid1522_1,visi70,QID1522_1
qid1523,like70,QID1523
qid758,play71,QID758
qid759,uhoh71,QID759
qid760_1,danc71,QID760_1
qid761_1,heal71,QID761_1
qid762_1,baby71,QID762_1
qid763_1,love71,QID763_1
qid1524_1,achi71,QID1524_1
qid1525_1,visi71,QID1525_1
qid1526,like71,QID1526
qid767,play72,QID767
qid768,uhoh72,QID768
qid769_1,danc72,QID769_1
qid770_1,heal72,QID770_1
qid771_1,baby72,QID771_1
qid772_1,love72,QID772_1
qid1527_1,achi72,QID1527_1
qid1528_1,visi72,QID1528_1
qid1529,like72,QID1529
qid776,play73,QID776
qid777,uhoh73,QID777
qid778_1,danc73,QID778_1
qid779_1,heal73,QID779_1
qid780_1,baby73,QID780_1
qid781_1,love73,QID781_1
qid1530_1,achi73,QID1530_1
qid1531_1,visi73,QID1531_1
qid1532,like73,QID1532
qid785,play74,QID785
qid786,uhoh74,QID786
qid787_1,danc74,QID787_1
qid788_1,heal74,QID788_1
qid789_1,baby74,QID789_1
qid790_1,love74,QID790_1
qid1533_1,achi74,QID1533_1
qid1534_1,visi74,QID1534_1
qid1535,like74,QID1535
qid794,play75,QID794
qid795,uhoh75,QID795
qid796_1,danc75,QID796_1
qid797_1,heal75,QID797_1
qid798_1,baby75,QID798_1
qid799_1,love75,QID799_1
qid1536_1,achi75,QID1536_1
qid1537_1,visi75,QID1537_1
qid1538,like75,QID1538
qid803,play76,QID803
qid804,uhoh76,QID804
qid805_1,danc76,QID805_1
qid806_1,heal76,QID806_1
qid807_1,baby76,QID807_1
qid808_1,love76,QID808_1
qid1539_1,achi76,QID1539_1
qid1540_1,visi76,QID1540_1
qid1541,like76,QID1541
qid812,play77,QID812
qid813,uhoh77,QID813
qid814_1,danc77,QID814_1
qid815_1,heal77,QID815_1
qid816_1,baby77,QID816_1
qid817_1,love77,QID817_1
qid1542_1,achi77,QID1542_1
qid1543_1,visi77,QID1543_1
qid1544,like77,QID1544
qid821,play78,QID821
qid822,uhoh78,QID822
qid823_1,danc78,QID823_1
qid824_1,heal78,QID824_1
qid825_1,baby78,QID825_1
qid826_1,love78,QID826_1
qid1545_1,achi78,QID1545_1
qid1546_1,visi78,QID1546_1
qid1547,like78,QID1547
qid830,play79,QID830
qid831,uhoh79,QID831
qid832_1,danc79,QID832_1
qid833_1,heal79,QID833_1
qid834_1,baby79,QID834_1
qid835_1,love79,QID835_1
qid1548_1,achi79,QID1548_1
qid1549_1,visi79,QID1549_1
qid1550,like79,QID1550
qid839,play80,QID839
qid840,uhoh80,QID840
qid841_1,danc80,QID841_1
qid842_1,heal80,QID842_1
qid843_1,baby80,QID843_1
qid844_1,love80,QID844_1
qid1551_1,achi80,QID1551_1
qid1552_1,visi80,QID1552_1
qid1553,like80,QID1553
qid848,play81,QID848
qid849,uhoh81,QID849
qid850_1,danc81,QID850_1
qid851_1,heal81,QID851_1
qid852_1,baby81,QID852_1
qid853_1,love81,QID853_1
qid1554_1,achi81,QID1554_1
qid1555_1,visi81,QID1555_1
qid1556,like81,QID1556
qid857,play82,QID857
qid858,uhoh82,QID858
qid859_1,danc82,QID859_1
qid860_1,heal82,QID860_1
qid861_1,baby82,QID861_1
qid862_1,love82,QID862_1
qid1557_1,achi82,QID1557_1
qid1558_1,visi82,QID1558_1
qid1559,like82,QID1559
qid866,play83,QID866
qid867,uhoh83,QID867
qid868_1,danc83,QID868_1
qid869_1,heal83,QID869_1
qid870_1,baby83,QID870_1
qid871_1,love83,QID871_1
qid1560_1,achi83,QID1560_1
qid1561_1,visi83,QID1561_1
qid1562,like83,QID1562
qid875,play84,QID875
qid876,uhoh84,QID876
qid877_1,danc84,QID877_1
qid878_1,heal84,QID878_1
qid879_1,baby84,QID879_1
qid880_1,love84,QID880_1
qid1563_1,achi84,QID1563_1
qid1564_1,visi84,QID1564_1
qid1565,like84,QID1565
qid884,play85,QID884
qid885,uhoh85,QID885
qid886_1,danc85,QID886_1
qid887_1,heal85,QID887_1
qid888_1,baby85,QID888_1
qid889_1,love85,QID889_1
qid1566_1,achi85,QID1566_1
qid1567_1,visi85,QID1567_1
qid1568,like85,QID1568
qid893,play86,QID893
qid894,uhoh86,QID894
qid895_1,danc86,QID895_1
qid896_1,heal86,QID896_1
qid897_1,baby86,QID897_1
qid898_1,love86,QID898_1
qid1569_1,achi86,QID1569_1
qid1570_1,visi86,QID1570_1
qid1571,like86,QID1571
qid902,play87,QID902
qid903,uhoh87,QID903
qid904_1,danc87,QID904_1
qid905_1,heal87,QID905_1
qid906_1,baby87,QID906_1
qid907_1,love87,QID907_1
qid1572_1,achi87,QID1572_1
qid1573_1,visi87,QID1573_1
qid1574,like87,QID1574
qid911,play88,QID911
qid912,uhoh88,QID912
qid913_1,danc88,QID913_1
qid914_1,heal88,QID914_1
qid915_1,baby88,QID915_1
qid916_1,love88,QID916_1
qid1575_1,achi88,QID1575_1
qid1576_1,visi88,QID1576_1
qid1577,like88,QID1577
qid920,play89,QID920
qid921,uhoh89,QID921
qid922_1,danc89,QID922_1
qid923_1,heal89,QID923_1
qid924_1,baby89,QID924_1
qid925_1,love89,QID925_1
qid1578_1,achi89,QID1578_1
qid1579_1,visi89,QID1579_1
qid1580,like89,QID1580
qid929,play90,QID929
qid930,uhoh90,QID930
qid931_1,danc90,QID931_1
qid932_1,heal90,QID932_1
qid933_1,baby90,QID933_1
qid934_1,love90,QID934_1
qid1581_1,achi90,QID1581_1
qid1582_1,visi90,QID1582_1
qid1583,like90,QID1583
qid938,play91,QID938
qid939,uhoh91,QID939
qid940_1,danc91,QID940_1
qid941_1,heal91,QID941_1
qid942_1,baby91,QID942_1
qid943_1,love91,QID943_1
qid1584_1,achi91,QID1584_1
qid1585_1,visi91,QID1585_1
qid1586,like91,QID1586
qid947,play92,QID947
qid948,uhoh92,QID948
qid949_1,danc92,QID949_1
qid950_1,heal92,QID950_1
qid951_1,baby92,QID951_1
qid952_1,love92,QID952_1
qid1587_1,achi92,QID1587_1
qid1588_1,visi92,QID1588_1
qid1589,like92,QID1589
qid956,play93,QID956
qid957,uhoh93,QID957
qid958_1,danc93,QID958_1
qid959_1,heal93,QID959_1
qid960_1,baby93,QID960_1
qid961_1,love93,QID961_1
qid1590_1,achi93,QID1590_1
qid1591_1,visi93,QID1591_1
qid1592,like93,QID1592
qid965,play94,QID965
qid966,uhoh94,QID966
qid967_1,danc94,QID967_1
qid968_1,heal94,QID968_1
qid969_1,baby94,QID969_1
qid970_1,love94,QID970_1
qid1593_1,achi94,QID1593_1
qid1594_1,visi94,QID1594_1
qid1595,like94,QID1595
qid974,play95,QID974
qid975,uhoh95,QID975
qid976_1,danc95,QID976_1
qid977_1,heal95,QID977_1
qid978_1,baby95,QID978_1
qid979_1,love95,QID979_1
qid1596_1,achi95,QID1596_1
qid1597_1,visi95,QID1597_1
qid1598,like95,QID1598
qid983,play96,QID983
qid984,uhoh96,QID984
qid985_1,danc96,QID985_1
qid986_1,heal96,QID986_1
qid987_1,baby96,QID987_1
qid988_1,love96,QID988_1
qid1599_1,achi96,QID1599_1
qid1600_1,visi96,QID1600_1
qid1601,like96,QID1601
qid992,play97,QID992
qid993,uhoh97,QID993
qid994_1,danc97,QID994_1
qid995_1,heal97,QID995_1
qid996_1,baby97,QID996_1
qid997_1,love97,QID997_1
qid1602_1,achi97,QID1602_1
qid1603_1,visi97,QID1603_1
qid1604,like97,QID1604
qid1001,play98,QID1001
qid1002,uhoh98,QID1002
qid1003_1,danc98,QID1003_1
qid1004_1,heal98,QID1004_1
qid1005_1,baby98,QID1005_1
qid1006_1,love98,QID1006_1
qid1605_1,achi98,QID1605_1
qid1606_1,visi98,QID1606_1
qid1607,like98,QID1607
qid1010,play99,QID1010
qid1011,uhoh99,QID1011
qid1012_1,danc99,QID1012_1
qid1013_1,heal99,QID1013_1
qid1014_1,baby99,QID1014_1
qid1015_1,love99,QID1015_1
qid1608_1,achi99,QID1608_1
qid1609_1,visi99,QID1609_1
qid1610,like99,QID1610
qid1019,play100,QID1019
qid1020,uhoh100,QID1020
qid1021_1,danc100,QID1021_1
qid1022_1,heal100,QID1022_1
qid1023_1,baby100,QID1023_1
qid1024_1,love100,QID1024_1
qid1611_1,achi100,QID1611_1
qid1612_1,visi100,QID1612_1
qid1613,like100,QID1613
qid1028,play101,QID1028
qid1029,uhoh101,QID1029
qid1030_1,danc101,QID1030_1
qid1031_1,heal101,QID1031_1
qid1032_1,baby101,QID1032_1
qid1033_1,love101,QID1033_1
qid1614_1,achi101,QID1614_1
qid1615_1,visi101,QID1615_1
qid1616,like101,QID1616
qid1037,play102,QID1037
qid1038,uhoh102,QID1038
qid1039_1,danc102,QID1039_1
qid1040_1,heal102,QID1040_1
qid1041_1,baby102,QID1041_1
qid1042_1,love102,QID1042_1
qid1617_1,achi102,QID1617_1
qid1618_1,visi102,QID1618_1
qid1619,like102,QID1619
qid1046,play103,QID1046
qid1047,uhoh103,QID1047
qid1048_1,danc103,QID1048_1
qid1049_1,heal103,QID1049_1
qid1050_1,baby103,QID1050_1
qid1051_1,love103,QID1051_1
qid1620_1,achi103,QID1620_1
qid1621_1,visi103,QID1621_1
qid1622,like103,QID1622
qid1055,play104,QID1055
qid1056,uhoh104,QID1056
qid1057_1,danc104,QID1057_1
qid1058_1,heal104,QID1058_1
qid1059_1,baby104,QID1059_1
qid1060_1,love104,QID1060_1
qid1623_1,achi104,QID1623_1
qid1624_1,visi104,QID1624_1
qid1625,like104,QID1625
qid1064,play105,QID1064
qid1065,uhoh105,QID1065
qid1066_1,danc105,QID1066_1
qid1067_1,heal105,QID1067_1
qid1068_1,baby105,QID1068_1
qid1069_1,love105,QID1069_1
qid1626_1,achi105,QID1626_1
qid1627_1,visi105,QID1627_1
qid1628,like105,QID1628
qid1073,play106,QID1073
qid1074,uhoh106,QID1074
qid1075_1,danc106,QID1075_1
qid1076_1,heal106,QID1076_1
qid1077_1,baby106,QID1077_1
qid1078_1,love106,QID1078_1
qid1629_1,achi106,QID1629_1
qid1630_1,visi106,QID1630_1
qid1631,like106,QID1631
qid1082,play107,QID1082
qid1083,uhoh107,QID1083
qid1084_1,danc107,QID1084_1
qid1085_1,heal107,QID1085_1
qid1086_1,baby107,QID1086_1
qid1087_1,love107,QID1087_1
qid1632_1,achi107,QID1632_1
qid1633_1,visi107,QID1633_1
qid1634,like107,QID1634
qid1091,play108,QID1091
qid1092,uhoh108,QID1092
qid1093_1,danc108,QID1093_1
qid1094_1,heal108,QID1094_1
qid1095_1,baby108,QID1095_1
qid1096_1,love108,QID1096_1
qid1635_1,achi108,QID1635_1
qid1636_1,visi108,QID1636_1
qid1637,like108,QID1637
qid1100,play109,QID1100
qid1101,uhoh109,QID1101
qid1102_1,danc109,QID1102_1
qid1103_1,heal109,QID1103_1
qid1104_1,baby109,QID1104_1
qid1105_1,love109,QID1105_1
qid1638_1,achi109,QID1638_1
qid1639_1,visi109,QID1639_1
qid1640,like109,QID1640
qid1109,play110,QID1109
qid1110,uhoh110,QID1110
qid1111_1,danc110,QID1111_1
qid1112_1,heal110,QID1112_1
qid1113_1,baby110,QID1113_1
qid1114_1,love110,QID1114_1
qid1641_1,achi110,QID1641_1
qid1642_1,visi110,QID1642_1
qid1643,like110,QID1643
qid1118,play111,QID1118
qid1119,uhoh111,QID1119
qid1120_1,danc111,QID1120_1
qid1121_1,heal111,QID1121_1
qid1122_1,baby111,QID1122_1
qid1123_1,love111,QID1123_1
qid1644_1,achi111,QID1644_1
qid1645_1,visi111,QID1645_1
qid1646,like111,QID1646
qid1127,play112,QID1127
qid1128,uhoh112,QID1128
qid1129_1,danc112,QID1129_1
qid1130_1,heal112,QID1130_1
qid1131_1,baby112,QID1131_1
qid1132_1,love112,QID1132_1
qid1647_1,achi112,QID1647_1
qid1648_1,visi112,QID1648_1
qid1649,like112,QID1649
qid1136,play113,QID1136
qid1137,uhoh113,QID1137
qid1138_1,danc113,QID1138_1
qid1139_1,heal113,QID1139_1
qid1140_1,baby113,QID1140_1
qid1141_1,love113,QID1141_1
qid1650_1,achi113,QID1650_1
qid1651_1,visi113,QID1651_1
qid1652,like113,QID1652
qid1145,play114,QID1145
qid1146,uhoh114,QID1146
qid1147_1,danc114,QID1147_1
qid1148_1,heal114,QID1148_1
qid1149_1,baby114,QID1149_1
qid1150_1,love114,QID1150_1
qid1653_1,achi114,QID1653_1
qid1654_1,visi114,QID1654_1
qid1655,like114,QID1655
qid1154,play115,QID1154
qid1155,uhoh115,QID1155
qid1156_1,danc115,QID1156_1
qid1157_1,heal115,QID1157_1
qid1158_1,baby115,QID1158_1
qid1159_1,love115,QID1159_1
qid1656_1,achi115,QID1656_1
qid1657_1,visi115,QID1657_1
qid1658,like115,QID1658
qid1163,play116,QID1163
qid1164,uhoh116,QID1164
qid1165_1,danc116,QID1165_1
qid1166_1,heal116,QID1166_1
qid1167_1,baby116,QID1167_1
qid1168_1,love116,QID1168_1
qid1659_1,achi116,QID1659_1
qid1660_1,visi116,QID1660_1
qid1661,like116,QID1661
qid1172,play117,QID1172
qid1173,uhoh117,QID1173
qid1174_1,danc117,QID1174_1
qid1175_1,heal117,QID1175_1
qid1176_1,baby117,QID1176_1
qid1177_1,love117,QID1177_1
qid1662_1,achi117,QID1662_1
qid1663_1,visi117,QID1663_1
qid1664,like117,QID1664
qid1181,play118,QID1181
qid1182,uhoh118,QID1182
qid1183_1,danc118,QID1183_1
qid1184_1,heal118,QID1184_1
qid1185_1,baby118,QID1185_1
qid1186_1,love118,QID1186_1
qid1665_1,achi118,QID1665_1
qid1666_1,visi118,QID1666_1
qid1667,like118,QID1667